{"cameraMode":{"drawMode":0,"name":"Shaded","section":"Shading Mode"},"sceneLighting":true,"audioPlay":false,"sceneViewState":{"m_AlwaysRefresh":false,"showFog":true,"showSkybox":true,"showFlares":true,"showImageEffects":true,"showParticleSystems":true,"showVisualEffectGraphs":true,"m_FxEnabled":true},"in2DMode":false,"pivot":{"x":14.940505981445313,"y":-0.5191941261291504,"z":2.1970677375793459},"rotation":{"x":-0.09640022367238999,"y":0.03552711009979248,"z":-0.0034225238487124445,"w":-0.9947196245193481},"size":6.114013671875,"orthographic":true}